{"stats":{"minecraft:picked_up":{"minecraft:stick":2,"minecraft:crafting_table":1,"apotheosis:gem":3,"minecraft:feather":5,"minecraft:chicken":6,"minecraft:sweet_berries":20,"minecraft:andesite":10,"minecraft:spruce_log":39,"minecraft:dirt":10,"minecraft:raw_copper":21,"minecraft:granite":20,"minecraft:coal":21,"minecraft:furnace":1,"minecraft:cobblestone":175,"minecraft:egg":5},"minecraft:used":{"minecraft:stone_sword":18,"minecraft:stone_pickaxe":242,"minecraft:wooden_pickaxe":37,"minecraft:cooked_chicken":1,"minecraft:stone_axe":30,"minecraft:dirt":3,"minecraft:cobblestone":31,"minecraft:crafting_table":1,"minecraft:furnace":1,"alexsmobs:animal_dictionary":1,"tombstone:gift":4,"minecraft:egg":3},"minecraft:killed":{"minecraft:chicken":6},"minecraft:mined":{"minecraft:large_fern":10,"minecraft:mud_brick_slab":1,"minecraft:white_terracotta":1,"minecraft:brown_mushroom":3,"minecraft:furnace":1,"minecraft:sweet_berry_bush":8,"minecraft:orange_terracotta":8,"minecraft:spruce_log":39,"minecraft:andesite":10,"minecraft:crafting_table":1,"minecraft:granite":22,"minecraft:grass_block":5,"minecraft:coal_ore":14,"minecraft:dirt":5,"minecraft:copper_ore":7,"minecraft:cobblestone":1,"minecraft:spruce_leaves":8,"minecraft:stone":192,"minecraft:fern":1},"minecraft:crafted":{"minecraft:crafting_table":1,"minecraft:stick":8,"minecraft:spruce_planks":8,"minecraft:cooked_chicken":6,"minecraft:wooden_pickaxe":1,"minecraft:stone_pickaxe":2,"minecraft:stone_sword":1,"minecraft:furnace":1,"minecraft:stone_axe":1},"minecraft:broken":{"minecraft:stone_pickaxe":2},"minecraft:killed_by":{"minecraft:skeleton":2},"minecraft:dropped":{"minecraft:wooden_pickaxe":1},"minecraft:custom":{"minecraft:time_since_rest":54,"minecraft:interact_with_furnace":3,"minecraft:sprint_one_cm":40311,"minecraft:damage_taken":889,"minecraft:walk_one_cm":122515,"minecraft:mob_kills":6,"minecraft:drop":1,"minecraft:damage_dealt":731,"minecraft:interact_with_crafting_table":6,"minecraft:fly_one_cm":68804,"minecraft:player_kills":1,"minecraft:crouch_one_cm":7756,"minecraft:play_time":42201,"minecraft:deaths":3,"minecraft:sneak_time":2345,"tombstone:tomb_raiding":1,"minecraft:jump":490,"minecraft:damage_dealt_resisted":0,"minecraft:leave_game":1,"minecraft:time_since_death":0,"minecraft:total_world_time":42201,"minecraft:fall_one_cm":5024}},"DataVersion":3465}