{"stats":{"minecraft:picked_up":{"minecraft:crafting_table":4,"minecraft:chainmail_boots":2,"minecraft:chicken":4,"minecraft:raw_copper":51,"minecraft:cyan_carpet":1,"minecraft:cobbled_deepslate":104,"minecraft:beef":13,"simpleores:raw_tin":20,"minecraft:light_gray_wool":1,"minecraft:furnace":1,"minecraft:stick":1,"minecraft:raw_iron":13,"apotheosis:gem":34,"minecraft:torch":9,"minecraft:spruce_fence":1,"minecraft:porkchop":7,"tombstone:grave_dust":2,"minecraft:diorite":20,"minecraft:arrow":2,"minecraft:rotten_flesh":14,"minecraft:hay_block":25,"minecraft:mutton":13,"minecraft:cobblestone":3408,"minecraft:white_wool":6,"minecraft:birch_log":6,"minecraft:feather":1,"minecraft:brown_wool":1,"minecraft:leather":4,"minecraft:potato":1,"minecraft:flint":11,"minecraft:oak_log":10,"minecraft:gunpowder":1,"minecraft:dirt":1810,"minecraft:lantern":1,"tombstone:gift":1,"minecraft:cooked_mutton":4,"minecraft:wheat_seeds":20,"minecraft:book":30,"opf:opf":5,"minecraft:dark_oak_slab":1,"simplytools:stone_hammer":2,"minecraft:gravel":67,"minecraft:ink_sac":3,"minecraft:white_bed":1,"minecraft:spruce_log":25,"minecraft:diamond":2,"minecraft:spruce_boat":5,"minecraft:soul_lantern":1,"minecraft:chainmail_leggings":1,"minecraft:iron_helmet":2,"minecraft:granite":17,"minecraft:chainmail_helmet":1,"tombstone:magic_scroll":1,"minecraft:coal":185},"minecraft:used":{"minecraft:iron_shovel":238,"simpleores:tin_axe":66,"minecraft:chest":5,"minecraft:iron_sword":65,"minecraft:torch":42,"minecraft:dirt":732,"opf:opf":6,"minecraft:spruce_fence":1,"minecraft:spruce_boat":4,"minecraft:lantern":1,"minecraft:dark_oak_slab":1,"minecraft:hay_block":1,"minecraft:furnace":3,"simplytools:stone_excavator":1394,"tombstone:gift":1,"minecraft:cooked_beef":5,"minecraft:cooked_mutton":15,"minecraft:stone_pickaxe":473,"minecraft:wooden_pickaxe":59,"minecraft:crafting_table":7,"minecraft:white_bed":1,"minecraft:bread":12,"minecraft:iron_pickaxe":250,"tombstone:grave_key":3,"simplytools:stone_hammer":3052,"minecraft:gravel":1,"minecraft:soul_lantern":1,"minecraft:stone_axe":78,"minecraft:cobblestone":75,"minecraft:smithing_table":1,"simplytools:iron_excavator":388},"minecraft:killed":{"minecraft:witch":1,"minecraft:spider":2,"minecraft:skeleton":3,"minecraft:chicken":4,"minecraft:pig":4,"minecraft:squid":4,"minecraft:sheep":8,"alexsmobs:catfish":1,"minecraft:zombie":11,"iceandfire:ghost":1,"alexsmobs:fly":1,"minecraft:cow":6},"minecraft:mined":{"minecraft:white_bed":1,"iceandfire:silver_ore":5,"minecraft:deepslate_diamond_ore":2,"minecraft:glow_lichen":1,"minecraft:granite":17,"minecraft:grass_block":856,"minecraft:spruce_fence":2,"opf:opfdummy":150,"minecraft:birch_slab":3,"minecraft:spruce_leaves":3,"minecraft:spawner":1,"minecraft:hay_block":25,"minecraft:furnace":1,"minecraft:iron_ore":13,"minecraft:bookshelf":10,"minecraft:vine":1,"simpleores:tin_ore":11,"minecraft:stone":3383,"minecraft:crafting_table":4,"minecraft:tall_grass":10,"minecraft:copper_ore":16,"minecraft:cobblestone":43,"minecraft:oak_planks":1,"minecraft:diorite":20,"minecraft:wall_torch":2,"minecraft:birch_planks":1,"minecraft:dark_oak_slab":1,"minecraft:birch_log":6,"minecraft:spruce_log":25,"minecraft:birch_leaves":1,"minecraft:grass":50,"minecraft:oak_log":10,"minecraft:coal_ore":187,"minecraft:gravel":116,"minecraft:cyan_carpet":1,"minecraft:dirt":1058,"minecraft:oak_leaves":9,"minecraft:deepslate":104},"minecraft:crafted":{"minecraft:oak_planks":4,"opf:opf":1,"simplytools:stone_excavator":7,"minecraft:furnace":2,"minecraft:cooked_mutton":21,"simplytools:iron_excavator":1,"simplytools:stone_hammer":22,"minecraft:stone_pickaxe":4,"minecraft:chest":5,"minecraft:spruce_boat":1,"simplytools:stone_excavator_head":10,"minecraft:wheat":216,"minecraft:cooked_beef":5,"minecraft:cooked_porkchop":11,"minecraft:crafting_table":3,"simplytools:iron_excavator_head":1,"minecraft:spruce_planks":100,"minecraft:wooden_pickaxe":1,"minecraft:iron_helmet":1,"minecraft:smithing_table":1,"minecraft:birch_planks":24,"simplytools:stone_hammer_head":24,"minecraft:stone_axe":1,"minecraft:bread":72,"minecraft:air":0,"minecraft:stick":128,"minecraft:iron_pickaxe":1,"minecraft:iron_ingot":12,"minecraft:iron_shovel":1,"minecraft:torch":132},"minecraft:broken":{"simplytools:stone_hammer":16,"simplytools:iron_excavator":1,"minecraft:wooden_pickaxe":1,"minecraft:stone_pickaxe":2,"simplytools:stone_excavator":5,"minecraft:iron_pickaxe":1},"minecraft:killed_by":{"minecraft:spider":1,"minecraft:skeleton":5,"minecraft:zombie":2,"iceandfire:ghost":1},"minecraft:dropped":{"minecraft:iron_ingot":2,"minecraft:wheat_seeds":20,"minecraft:feather":1,"minecraft:iron_helmet":2,"simplytools:stone_hammer":5,"simplytools:stone_excavator":2,"tombstone:gift":1,"minecraft:rotten_flesh":8,"minecraft:cooked_mutton":7,"minecraft:gunpowder":1,"apotheosis:gem":10,"minecraft:chainmail_boots":1,"minecraft:arrow":1},"minecraft:custom":{"minecraft:interact_with_smithing_table":6,"minecraft:mob_kills":48,"minecraft:interact_with_anvil":2,"minecraft:interact_with_crafting_table":35,"minecraft:open_barrel":3,"minecraft:bell_ring":40,"minecraft:damage_dealt_resisted":0,"minecraft:leave_game":3,"minecraft:time_since_death":36057,"minecraft:sprint_one_cm":452462,"minecraft:walk_one_cm":468334,"minecraft:drop":29,"minecraft:damage_dealt_absorbed":80,"minecraft:talked_to_villager":10,"minecraft:play_time":233058,"minecraft:deaths":10,"minecraft:sneak_time":13615,"minecraft:walk_under_water_one_cm":22095,"minecraft:boat_one_cm":117974,"minecraft:jump":2136,"minecraft:walk_on_water_one_cm":21927,"minecraft:total_world_time":233058,"minecraft:interact_with_furnace":29,"tombstone:raider_killed":1,"minecraft:sleep_in_bed":5,"minecraft:time_since_rest":35874,"minecraft:damage_taken":4269,"minecraft:damage_dealt":6592,"minecraft:swim_one_cm":9986,"minecraft:fly_one_cm":323201,"minecraft:player_kills":1,"minecraft:open_chest":63,"minecraft:crouch_one_cm":30057,"tombstone:undead_killed":15,"minecraft:fall_one_cm":44465}},"DataVersion":3465}