{"stats":{"minecraft:broken":{"minecraft:stone_pickaxe":2,"simplytools:stone_excavator":2,"minecraft:iron_pickaxe":1,"minecraft:wooden_pickaxe":1},"minecraft:crafted":{"minecraft:cooked_beef":5,"minecraft:oak_planks":4,"opf:opf":1,"simplytools:stone_excavator":7,"minecraft:cooked_porkchop":11,"minecraft:crafting_table":3,"simplytools:iron_excavator_head":1,"minecraft:spruce_planks":100,"minecraft:iron_helmet":1,"minecraft:wooden_pickaxe":1,"minecraft:smithing_table":1,"minecraft:furnace":2,"minecraft:stone_axe":1,"minecraft:bread":72,"minecraft:cooked_mutton":21,"minecraft:air":0,"simplytools:iron_excavator":1,"minecraft:stick":128,"minecraft:iron_ingot":12,"minecraft:iron_pickaxe":1,"minecraft:stone_pickaxe":4,"minecraft:chest":2,"minecraft:iron_shovel":1,"minecraft:spruce_boat":1,"simplytools:stone_excavator_head":7,"minecraft:torch":32,"minecraft:wheat":216},"minecraft:dropped":{"minecraft:iron_ingot":2,"simplytools:stone_excavator":2,"minecraft:iron_helmet":2,"minecraft:feather":1,"apotheosis:gem":1,"minecraft:chainmail_boots":1,"minecraft:arrow":1},"minecraft:mined":{"minecraft:white_bed":1,"iceandfire:silver_ore":1,"minecraft:deepslate_diamond_ore":2,"minecraft:crafting_table":4,"minecraft:glow_lichen":1,"minecraft:granite":17,"minecraft:grass_block":723,"minecraft:spruce_fence":2,"opf:opfdummy":150,"minecraft:tall_grass":10,"minecraft:cobblestone":42,"minecraft:birch_slab":3,"minecraft:spruce_leaves":3,"minecraft:oak_planks":1,"minecraft:diorite":20,"minecraft:wall_torch":2,"minecraft:spawner":1,"minecraft:birch_planks":1,"minecraft:hay_block":25,"minecraft:dark_oak_slab":1,"minecraft:furnace":1,"minecraft:iron_ore":13,"minecraft:spruce_log":25,"minecraft:grass":48,"minecraft:bookshelf":10,"minecraft:oak_log":10,"minecraft:coal_ore":89,"minecraft:vine":1,"minecraft:cyan_carpet":1,"minecraft:dirt":661,"simpleores:tin_ore":6,"minecraft:stone":378,"minecraft:oak_leaves":8,"minecraft:deepslate":104},"minecraft:used":{"minecraft:cooked_mutton":2,"minecraft:iron_shovel":238,"simpleores:tin_axe":66,"minecraft:stone_pickaxe":391,"minecraft:chest":2,"minecraft:wooden_pickaxe":59,"minecraft:iron_sword":16,"minecraft:torch":33,"minecraft:dirt":698,"minecraft:crafting_table":7,"opf:opf":6,"minecraft:white_bed":1,"minecraft:spruce_fence":1,"minecraft:spruce_boat":4,"minecraft:bread":12,"minecraft:lantern":1,"minecraft:iron_pickaxe":250,"minecraft:dark_oak_slab":1,"tombstone:grave_key":3,"minecraft:smithing_table":1,"minecraft:soul_lantern":1,"minecraft:stone_axe":78,"minecraft:cobblestone":72,"minecraft:hay_block":1,"minecraft:furnace":3,"simplytools:iron_excavator":343,"simplytools:stone_excavator":806,"tombstone:gift":1,"minecraft:cooked_beef":5},"minecraft:killed":{"minecraft:pig":4,"minecraft:squid":4,"minecraft:sheep":8,"minecraft:skeleton":3,"alexsmobs:catfish":1,"minecraft:zombie":4,"iceandfire:ghost":1,"minecraft:chicken":4,"minecraft:cow":6},"minecraft:killed_by":{"minecraft:skeleton":5,"minecraft:spider":1,"iceandfire:ghost":1},"minecraft:picked_up":{"minecraft:crafting_table":4,"minecraft:feather":1,"minecraft:chainmail_boots":2,"minecraft:chicken":4,"minecraft:brown_wool":1,"minecraft:leather":4,"minecraft:oak_log":10,"minecraft:dirt":1315,"minecraft:lantern":1,"minecraft:raw_copper":3,"minecraft:cyan_carpet":1,"minecraft:wheat_seeds":15,"minecraft:cobbled_deepslate":104,"minecraft:beef":13,"simpleores:raw_tin":8,"minecraft:light_gray_wool":1,"opf:opf":5,"minecraft:stick":1,"minecraft:furnace":1,"minecraft:book":30,"minecraft:raw_iron":13,"apotheosis:gem":16,"minecraft:dark_oak_slab":1,"minecraft:torch":2,"minecraft:spruce_fence":1,"minecraft:porkchop":7,"tombstone:grave_dust":1,"minecraft:ink_sac":3,"minecraft:diorite":20,"minecraft:white_bed":1,"minecraft:spruce_log":25,"minecraft:rotten_flesh":4,"minecraft:arrow":2,"minecraft:diamond":2,"minecraft:spruce_boat":4,"minecraft:soul_lantern":1,"minecraft:chainmail_leggings":1,"minecraft:iron_helmet":2,"minecraft:hay_block":25,"minecraft:granite":17,"tombstone:magic_scroll":1,"minecraft:mutton":13,"minecraft:coal":88,"minecraft:white_wool":6,"minecraft:cobblestone":415},"minecraft:custom":{"minecraft:interact_with_smithing_table":5,"minecraft:interact_with_furnace":28,"minecraft:interact_with_anvil":2,"minecraft:mob_kills":35,"minecraft:interact_with_crafting_table":26,"minecraft:open_barrel":3,"minecraft:bell_ring":40,"minecraft:damage_dealt_resisted":0,"minecraft:leave_game":1,"minecraft:time_since_death":42189,"minecraft:sleep_in_bed":5,"minecraft:time_since_rest":41975,"minecraft:sprint_one_cm":276493,"minecraft:damage_taken":2973,"minecraft:walk_one_cm":339639,"minecraft:drop":9,"minecraft:damage_dealt":4816,"minecraft:talked_to_villager":10,"minecraft:damage_dealt_absorbed":80,"minecraft:swim_one_cm":9986,"minecraft:fly_one_cm":230652,"minecraft:open_chest":34,"minecraft:crouch_one_cm":28865,"minecraft:play_time":187733,"tombstone:undead_killed":8,"minecraft:deaths":8,"minecraft:sneak_time":12343,"minecraft:walk_under_water_one_cm":22095,"minecraft:boat_one_cm":117974,"minecraft:jump":1689,"minecraft:walk_on_water_one_cm":19723,"minecraft:total_world_time":187733,"minecraft:fall_one_cm":32204}},"DataVersion":3465}