{"stats":{"minecraft:broken":{"minecraft:chainmail_leggings":1,"minecraft:chainmail_boots":1},"minecraft:crafted":{"minecraft:wooden_sword":1,"minecraft:oak_planks":156,"aether:iron_ring":1,"minecraft:furnace":4,"minecraft:cooked_mutton":9,"minecraft:bow":1,"minecraft:iron_boots":1,"minecraft:stone_pickaxe":2,"minecraft:chest":3,"simpleores:tin_axe":1,"aether:iron_pendant":1,"simpleores:tin_ingot":28,"simpleores:tin_sword":1,"minecraft:cooked_cod":16,"simpleores:adamantium_sword":1,"iceandfire:silver_ingot":5,"minecraft:crafting_table":3,"minecraft:spruce_planks":76,"minecraft:wooden_pickaxe":2,"minecraft:iron_helmet":2,"simpleores:tin_chestplate":1,"simpleores:adamantium_ingot":2,"minecraft:stone_axe":2,"simpleores:tin_helmet":1,"minecraft:diamond_pickaxe":1,"minecraft:shield":1,"minecraft:stick":44,"minecraft:iron_ingot":51,"minecraft:iron_pickaxe":1,"minecraft:iron_block":3,"minecraft:wooden_axe":1,"minecraft:stone_sword":2,"simpleores:mythril_ingot":9,"minecraft:anvil":1,"simplytools:wooden_excavator_head":1,"minecraft:torch":64,"create:zinc_ingot":4,"simpleores:tin_pickaxe":1},"minecraft:dropped":{"simpleores:tin_pickaxe":1,"minecraft:iron_helmet":2,"minecraft:stick":3,"minecraft:dirt":1,"minecraft:gray_wool":1,"simplytools:wooden_excavator_head":1,"minecraft:snowball":51,"tombstone:grave_dust":2,"alexsmobs:raccoon_tail":1,"minecraft:white_wool":2,"minecraft:spruce_sapling":1,"minecraft:stone_axe":2,"minecraft:stone_sword":3,"minecraft:rotten_flesh":1,"minecraft:light_gray_carpet":2,"minecraft:white_bed":4,"simpleores:raw_tin":2,"iceandfire:ghost_chest":1,"minecraft:bundle":1,"minecraft:chainmail_boots":2,"apotheosis:gem":4,"simpleores:tin_ingot":3,"minecraft:rabbit_stew":1,"minecraft:wooden_pickaxe":1,"minecraft:stone_pickaxe":4},"minecraft:used":{"minecraft:stone_sword":47,"simpleores:tin_axe":1,"minecraft:chest":4,"minecraft:spruce_planks":6,"minecraft:shield":15,"simpleores:tin_sword":17,"minecraft:torch":66,"minecraft:dirt":36,"minecraft:anvil":1,"minecraft:white_carpet":2,"minecraft:snowball":16,"minecraft:spruce_boat":2,"minecraft:iron_block":3,"minecraft:iron_axe":56,"minecraft:iron_helmet":3,"iceandfire:ghost_chest":1,"minecraft:barrel":1,"minecraft:rabbit_stew":1,"minecraft:furnace":7,"minecraft:cooked_cod":16,"simpleores:adamantium_sword":99,"tombstone:gift":2,"minecraft:cobbled_deepslate":35,"minecraft:cooked_mutton":5,"minecraft:stone_pickaxe":170,"minecraft:oak_planks":10,"minecraft:wooden_pickaxe":23,"minecraft:fletching_table":1,"minecraft:blue_bed":3,"minecraft:green_bed":1,"minecraft:crafting_table":6,"minecraft:bread":4,"minecraft:iron_pickaxe":107,"iceandfire:graveyard_soil":3,"minecraft:spruce_sapling":1,"minecraft:stone_axe":13,"minecraft:cobblestone":34,"simpleores:tin_pickaxe":61,"minecraft:pumpkin_pie":5,"minecraft:cobweb":4},"minecraft:mined":{"create:zinc_ore":5,"minecraft:spruce_planks":3,"minecraft:white_bed":2,"iceandfire:graveyard_soil":1,"iceandfire:silver_ore":6,"minecraft:grass_block":9,"iceandfire:deepslate_silver_ore":1,"minecraft:spruce_leaves":8,"simpleores:deepslate_adamantium_ore":2,"minecraft:furnace":2,"minecraft:cobbled_deepslate":3,"minecraft:iron_ore":11,"minecraft:fire":2,"minecraft:barrel":1,"minecraft:stripped_spruce_log":5,"minecraft:deepslate_lapis_ore":9,"minecraft:vine":1,"minecraft:deepslate_iron_ore":26,"minecraft:iron_block":3,"simpleores:tin_ore":14,"minecraft:stone":136,"minecraft:green_bed":1,"minecraft:deepslate_redstone_ore":1,"minecraft:light_gray_carpet":1,"minecraft:crafting_table":3,"minecraft:torch":1,"iceandfire:ghost_chest":2,"minecraft:tall_grass":1,"minecraft:cobblestone":3,"minecraft:copper_ore":5,"minecraft:deepslate_gold_ore":4,"minecraft:oak_planks":6,"minecraft:blue_bed":3,"minecraft:wall_torch":2,"simpleores:deepslate_mythril_ore":4,"simpleores:deepslate_tin_ore":2,"minecraft:white_carpet":2,"minecraft:spruce_log":15,"minecraft:grass":3,"simpleores:mythril_ore":8,"minecraft:oak_log":41,"minecraft:coal_ore":92,"minecraft:dirt":3,"minecraft:oak_leaves":5,"minecraft:deepslate":12,"minecraft:fern":2},"minecraft:killed":{"alexsmobs:raccoon":1,"minecraft:spider":2,"alexsmobs:snow_leopard":1,"minecraft:skeleton":5,"iceandfire:dread_thrall":1,"minecraft:sheep":3,"minecraft:zombie":4,"iceandfire:ghost":4,"minecraft:stray":2,"alexsmobs:crow":1},"minecraft:killed_by":{"minecraft:player":1,"alexsmobs:snow_leopard":2,"alexsmobs:tusklin":1,"iceandfire:dread_ghoul":1,"minecraft:skeleton":1},"minecraft:picked_up":{"minecraft:crafting_table":3,"minecraft:rabbit_stew":2,"minecraft:chainmail_boots":3,"minecraft:golden_pickaxe":2,"iceandfire:manuscript":4,"minecraft:string":1,"minecraft:raw_copper":16,"minecraft:iron_axe":2,"minecraft:white_carpet":2,"iceandfire:graveyard_soil":3,"minecraft:gold_nugget":15,"minecraft:cobbled_deepslate":36,"minecraft:spruce_planks":2,"simpleores:raw_adamantium":2,"iceandfire:dread_shard":2,"simpleores:raw_tin":30,"minecraft:iron_pickaxe":2,"alexsmobs:raccoon_tail":1,"minecraft:chest":1,"minecraft:furnace":3,"iceandfire:ghost_chest":2,"minecraft:stick":6,"minecraft:raw_iron":45,"apotheosis:gem":51,"minecraft:copper_ingot":2,"minecraft:torch":4,"minecraft:green_bed":1,"tombstone:grave_dust":11,"minecraft:redstone":4,"iceandfire:silver_ingot":4,"minecraft:stone_sword":2,"minecraft:arrow":1,"minecraft:rotten_flesh":7,"minecraft:iron_block":3,"minecraft:gold_ingot":8,"tombstone:essence_of_undeath":1,"minecraft:mutton":4,"minecraft:snowball":51,"minecraft:white_wool":2,"minecraft:cobblestone":138,"create:raw_zinc":4,"minecraft:oak_log":39,"minecraft:chainmail_chestplate":1,"iceandfire:ectoplasm":6,"minecraft:paper":13,"minecraft:dirt":24,"simpleores:tin_pickaxe":1,"minecraft:lapis_lazuli":83,"minecraft:blue_bed":3,"minecraft:bone":57,"simpleores:raw_mythril":12,"minecraft:raw_gold":8,"minecraft:iron_ingot":3,"minecraft:stone_pickaxe":3,"minecraft:cobweb":4,"minecraft:fletching_table":1,"minecraft:oak_planks":6,"minecraft:cooked_porkchop":3,"minecraft:stripped_spruce_log":5,"minecraft:spruce_sapling":4,"minecraft:bundle":2,"minecraft:white_bed":4,"minecraft:spruce_log":14,"minecraft:trapped_chest":1,"minecraft:barrel":1,"simplytools:wooden_excavator_head":1,"minecraft:diamond_shovel":2,"minecraft:spruce_boat":1,"minecraft:stone_axe":1,"simpleores:tin_ingot":1,"minecraft:chainmail_leggings":1,"minecraft:iron_helmet":3,"minecraft:golden_apple":1,"minecraft:gray_wool":1,"tombstone:magic_scroll":1,"minecraft:light_gray_carpet":2,"minecraft:coal":270,"iceandfire:raw_silver":7},"minecraft:custom":{"minecraft:interact_with_smithing_table":9,"minecraft:interact_with_anvil":3,"minecraft:mob_kills":24,"minecraft:interact_with_crafting_table":95,"minecraft:open_barrel":67,"minecraft:damage_dealt_resisted":0,"minecraft:leave_game":1,"minecraft:time_since_death":96565,"minecraft:damage_resisted":0,"minecraft:sprint_one_cm":388450,"minecraft:walk_one_cm":475907,"minecraft:damage_blocked_by_shield":795,"minecraft:drop":47,"minecraft:talked_to_villager":7,"minecraft:play_time":188151,"minecraft:deaths":6,"minecraft:sneak_time":840,"minecraft:walk_under_water_one_cm":3961,"minecraft:boat_one_cm":6789,"minecraft:jump":2062,"minecraft:walk_on_water_one_cm":10306,"minecraft:total_world_time":188151,"minecraft:interact_with_furnace":83,"minecraft:interact_with_stonecutter":1,"minecraft:sleep_in_bed":5,"minecraft:time_since_rest":60900,"minecraft:damage_taken":2896,"minecraft:trigger_trapped_chest":5,"minecraft:damage_dealt":5368,"minecraft:swim_one_cm":7262,"minecraft:fly_one_cm":374575,"minecraft:open_chest":44,"minecraft:crouch_one_cm":2462,"tombstone:undead_killed":16,"minecraft:fall_one_cm":26738}},"DataVersion":3465}