{"stats":{"minecraft:picked_up":{"minecraft:iron_chestplate":1,"minecraft:crafting_table":5,"minecraft:chainmail_boots":4,"minecraft:rabbit_stew":2,"minecraft:golden_pickaxe":2,"minecraft:enchanted_book":1,"simplytools:stone_hammer_head":2,"iceandfire:manuscript":5,"minecraft:string":8,"minecraft:raw_copper":16,"minecraft:iron_axe":2,"minecraft:white_carpet":2,"minecraft:iron_shovel":1,"iceandfire:graveyard_soil":3,"minecraft:cobbled_deepslate":81,"minecraft:gold_nugget":15,"minecraft:spruce_planks":2,"simpleores:raw_adamantium":8,"iceandfire:dread_shard":5,"simpleores:raw_tin":30,"minecraft:iron_pickaxe":2,"alexsmobs:raccoon_tail":1,"minecraft:chest":1,"minecraft:furnace":3,"simpleores:adamantium_sword":1,"minecraft:stick":7,"minecraft:raw_iron":64,"apotheosis:gem":99,"iceandfire:ghost_chest":3,"minecraft:copper_ingot":2,"minecraft:torch":11,"minecraft:green_bed":1,"tombstone:grave_dust":16,"minecraft:redstone":4,"iceandfire:silver_ingot":7,"minecraft:stone_sword":2,"minecraft:arrow":15,"minecraft:rotten_flesh":34,"alexscaves:spelunkery_table":2,"minecraft:iron_block":3,"tombstone:essence_of_undeath":1,"minecraft:gold_ingot":9,"minecraft:obsidian":16,"minecraft:mutton":4,"minecraft:snowball":51,"minecraft:white_wool":2,"minecraft:cobblestone":1000,"iceandfire:sapphire_gem":3,"minecraft:flint":7,"create:raw_zinc":31,"minecraft:oak_log":39,"minecraft:chainmail_chestplate":1,"iceandfire:ectoplasm":6,"minecraft:gunpowder":2,"minecraft:paper":13,"simpleores:tin_pickaxe":1,"minecraft:lapis_lazuli":142,"minecraft:dirt":57,"minecraft:blue_bed":3,"minecraft:cooked_mutton":3,"minecraft:bone":84,"simpleores:raw_mythril":13,"minecraft:bow":2,"minecraft:wheat_seeds":2,"minecraft:raw_gold":31,"minecraft:iron_ingot":3,"minecraft:stone_pickaxe":3,"minecraft:cobweb":8,"minecraft:fletching_table":1,"minecraft:oak_planks":9,"minecraft:cooked_porkchop":3,"minecraft:gravel":55,"simplytools:stone_hammer":5,"minecraft:stripped_spruce_log":5,"minecraft:spruce_sapling":5,"minecraft:white_bed":5,"minecraft:spruce_log":20,"minecraft:trapped_chest":1,"minecraft:barrel":1,"simplytools:wooden_excavator_head":1,"minecraft:bundle":2,"minecraft:diamond_shovel":2,"minecraft:spruce_boat":1,"minecraft:diamond":4,"minecraft:stone_axe":1,"simpleores:tin_ingot":1,"minecraft:chainmail_leggings":1,"minecraft:iron_helmet":3,"minecraft:golden_apple":1,"minecraft:gray_wool":1,"minecraft:chainmail_helmet":1,"tombstone:magic_scroll":1,"minecraft:light_gray_carpet":2,"minecraft:coal":486,"iceandfire:raw_silver":12},"minecraft:used":{"minecraft:stone_sword":47,"minecraft:flint_and_steel":1,"simpleores:tin_axe":1,"minecraft:chest":4,"minecraft:spruce_planks":6,"minecraft:shield":105,"simpleores:tin_sword":17,"minecraft:rotten_flesh":10,"minecraft:torch":194,"minecraft:dirt":52,"minecraft:anvil":1,"minecraft:white_carpet":2,"minecraft:snowball":16,"minecraft:obsidian":16,"minecraft:spruce_boat":2,"minecraft:iron_axe":84,"minecraft:iron_block":3,"iceandfire:ghost_chest":2,"minecraft:iron_helmet":3,"minecraft:barrel":1,"alexscaves:spelunkery_table":2,"minecraft:rabbit_stew":1,"minecraft:bow":1,"minecraft:furnace":10,"minecraft:cooked_cod":16,"simpleores:adamantium_sword":260,"tombstone:gift":6,"minecraft:cobbled_deepslate":78,"minecraft:cooked_mutton":11,"minecraft:oak_planks":13,"minecraft:stone_pickaxe":170,"minecraft:wooden_pickaxe":23,"minecraft:blue_bed":3,"minecraft:green_bed":1,"minecraft:fletching_table":1,"minecraft:golden_apple":1,"minecraft:crafting_table":9,"minecraft:white_bed":1,"minecraft:diamond_pickaxe":559,"minecraft:diamond_shovel":98,"simplytools:stone_hammer":901,"minecraft:bread":10,"minecraft:iron_pickaxe":107,"iceandfire:graveyard_soil":3,"minecraft:spruce_sapling":2,"minecraft:stone_axe":13,"minecraft:diamond_sword":41,"minecraft:cobblestone":137,"minecraft:cooked_porkchop":3,"simpleores:tin_pickaxe":61,"minecraft:pumpkin_pie":12,"minecraft:cobweb":4},"minecraft:killed":{"alexsmobs:raccoon":1,"minecraft:spider":8,"alexsmobs:snow_leopard":1,"minecraft:skeleton":17,"iceandfire:dread_thrall":1,"minecraft:drowned":1,"minecraft:creeper":1,"minecraft:sheep":3,"alexsmobs:cockroach":1,"minecraft:zombie":28,"iceandfire:ghost":4,"minecraft:stray":2,"alexsmobs:crow":1},"minecraft:mined":{"create:zinc_ore":27,"minecraft:tuff":1,"alexscaves:spelunkery_table":2,"create:deepslate_zinc_ore":5,"minecraft:spruce_planks":3,"minecraft:white_bed":3,"iceandfire:graveyard_soil":1,"iceandfire:silver_ore":11,"minecraft:deepslate_diamond_ore":4,"minecraft:obsidian":18,"minecraft:grass_block":27,"create:ochrum":20,"iceandfire:deepslate_silver_ore":1,"minecraft:spruce_leaves":13,"simpleores:deepslate_adamantium_ore":8,"minecraft:spawner":2,"minecraft:furnace":2,"minecraft:iron_ore":17,"minecraft:cobbled_deepslate":5,"minecraft:fire":3,"minecraft:barrel":1,"minecraft:andesite":6,"minecraft:stripped_spruce_log":5,"minecraft:deepslate_lapis_ore":20,"minecraft:vine":3,"minecraft:deepslate_iron_ore":39,"minecraft:iron_block":3,"simpleores:tin_ore":17,"minecraft:stone":1099,"minecraft:green_bed":1,"minecraft:deepslate_redstone_ore":1,"minecraft:light_gray_carpet":1,"minecraft:crafting_table":5,"minecraft:torch":1,"iceandfire:ghost_chest":3,"iceandfire:sapphire_ore":3,"minecraft:copper_ore":6,"minecraft:tall_grass":1,"minecraft:cobblestone":55,"minecraft:deepslate_gold_ore":27,"minecraft:oak_planks":9,"minecraft:blue_bed":3,"minecraft:wall_torch":4,"simpleores:deepslate_mythril_ore":5,"simpleores:deepslate_tin_ore":2,"minecraft:spruce_log":22,"minecraft:white_carpet":2,"minecraft:grass":7,"simpleores:mythril_ore":8,"minecraft:dripstone_block":9,"minecraft:oak_log":41,"minecraft:coal_ore":308,"minecraft:gravel":64,"minecraft:dirt":55,"minecraft:oak_leaves":10,"minecraft:deepslate":58,"minecraft:fern":2},"minecraft:crafted":{"minecraft:wooden_sword":1,"minecraft:oak_planks":156,"aether:iron_ring":1,"minecraft:furnace":7,"minecraft:cooked_mutton":9,"minecraft:flint_and_steel":1,"minecraft:bow":1,"minecraft:iron_boots":1,"simplytools:stone_hammer":7,"minecraft:stone_pickaxe":2,"minecraft:chest":3,"simpleores:tin_axe":1,"aether:iron_pendant":1,"simpleores:tin_ingot":28,"simpleores:tin_sword":1,"minecraft:cooked_cod":16,"minecraft:diamond_sword":2,"simpleores:adamantium_sword":1,"iceandfire:silver_ingot":5,"minecraft:crafting_table":4,"minecraft:spruce_planks":100,"minecraft:iron_helmet":2,"minecraft:wooden_pickaxe":2,"simpleores:tin_chestplate":1,"simpleores:adamantium_ingot":8,"simplytools:stone_hammer_head":5,"minecraft:stone_axe":2,"simpleores:tin_helmet":1,"minecraft:iron_chestplate":1,"minecraft:diamond_pickaxe":1,"minecraft:shield":2,"minecraft:stick":152,"minecraft:iron_ingot":83,"minecraft:iron_pickaxe":1,"minecraft:wooden_axe":1,"minecraft:iron_block":3,"simpleores:mythril_ingot":9,"minecraft:stone_sword":2,"minecraft:anvil":1,"simplytools:wooden_excavator_head":1,"minecraft:torch":192,"create:zinc_ingot":14,"simpleores:tin_pickaxe":1},"minecraft:broken":{"simplytools:stone_hammer":1,"minecraft:chainmail_leggings":1,"minecraft:chainmail_boots":1,"minecraft:shield":1,"minecraft:chainmail_chestplate":1,"aether:chainmail_gloves":1},"minecraft:killed_by":{"minecraft:player":2,"alexsmobs:snow_leopard":2,"alexsmobs:tusklin":1,"iceandfire:dread_ghoul":1,"minecraft:skeleton":1},"minecraft:dropped":{"minecraft:wheat_seeds":2,"simpleores:adamantium_sword":2,"simpleores:tin_pickaxe":1,"minecraft:iron_helmet":2,"minecraft:coal":9,"minecraft:stick":3,"minecraft:cobweb":4,"minecraft:dirt":1,"minecraft:gray_wool":1,"simplytools:wooden_excavator_head":1,"minecraft:snowball":51,"tombstone:grave_dust":7,"simplytools:stone_hammer":3,"minecraft:iron_shovel":1,"minecraft:iron_pickaxe":1,"minecraft:string":2,"simpleores:raw_mythril":1,"alexsmobs:raccoon_tail":1,"minecraft:white_wool":2,"minecraft:spruce_sapling":1,"minecraft:bone":11,"minecraft:stone_axe":2,"minecraft:stone_sword":3,"minecraft:cobbled_deepslate":2,"minecraft:rotten_flesh":31,"minecraft:light_gray_carpet":2,"minecraft:white_bed":4,"simpleores:raw_tin":2,"iceandfire:ghost_chest":1,"minecraft:gunpowder":2,"minecraft:iron_chestplate":1,"minecraft:bundle":1,"apotheosis:gem":38,"minecraft:chainmail_boots":3,"simpleores:tin_ingot":3,"minecraft:rabbit_stew":1,"minecraft:bow":1,"minecraft:arrow":5,"minecraft:stone_pickaxe":4,"minecraft:wooden_pickaxe":1,"iceandfire:manuscript":1},"minecraft:custom":{"minecraft:interact_with_smithing_table":15,"minecraft:interact_with_anvil":4,"minecraft:mob_kills":72,"minecraft:interact_with_crafting_table":118,"minecraft:open_barrel":73,"minecraft:damage_dealt_resisted":0,"minecraft:leave_game":2,"minecraft:time_since_death":34335,"minecraft:damage_resisted":0,"minecraft:sprint_one_cm":552495,"minecraft:walk_one_cm":886792,"minecraft:damage_blocked_by_shield":5115,"minecraft:drop":85,"minecraft:talked_to_villager":15,"minecraft:play_time":285417,"minecraft:sneak_time":2330,"minecraft:deaths":7,"minecraft:walk_under_water_one_cm":16313,"minecraft:boat_one_cm":6789,"minecraft:jump":3214,"minecraft:interact_with_blast_furnace":3,"minecraft:walk_on_water_one_cm":49191,"minecraft:total_world_time":285417,"minecraft:interact_with_furnace":102,"minecraft:interact_with_loom":2,"minecraft:interact_with_stonecutter":1,"minecraft:sleep_in_bed":6,"minecraft:time_since_rest":15066,"minecraft:damage_taken":4708,"minecraft:damage_absorbed":40,"minecraft:trigger_trapped_chest":5,"minecraft:damage_dealt":14652,"minecraft:crouch_one_cm":5050,"minecraft:swim_one_cm":26536,"minecraft:open_chest":83,"minecraft:fly_one_cm":504188,"tombstone:undead_killed":53,"minecraft:fall_one_cm":47398}},"DataVersion":3465}